title,project,year,year_source,authors,file,url,corpus_record,http_status,is_pdf
ShoCard — White Paper,ShoCard,2016,filename,,2016-05-00-idm-ShoCard-travel-identity-of-the-future.pdf,https://blockchainlab.com/pdf/2016-05-00-idm-ShoCard-travel-identity-of-the-future.pdf,,200,False
Finance and Economics Discussion Series — Divisions of Research & Statistics and Monetary.,Finance and Economics Discussion Series,,,,2016095pap.pdf,https://blockchainlab.com/pdf/2016095pap.pdf,,200,False
Blockchain Technologies — A whitepaper discussing.,Blockchain Technologies,,,,3-47-whitepaperblockchainforclaims_v10.pdf,https://blockchainlab.com/pdf/3-47-whitepaperblockchainforclaims_v10.pdf,,200,False
Hewlett Packard — Blockchain in the financial services industry,Hewlett Packard,,,,4AA6-5864ENW.pdf,https://blockchainlab.com/pdf/4AA6-5864ENW.pdf,,200,False
Hawk — The Blockchain Model of Cryptography and Privacy-Preserving Smart Contracts,Hawk,,,,675.pdf,https://blockchainlab.com/pdf/675.pdf,,200,False
Blockchain — Powering the Internet of Value,Blockchain,,,,bank-2020---blockchain-powering-the-internet-of-value---whitepaper.pdf,https://blockchainlab.com/pdf/bank-2020---blockchain-powering-the-internet-of-value---whitepaper.pdf,,200,False
BlockChain Technology — To banking and financial sector in india,BlockChain Technology,,,,BCT.pdf,https://blockchainlab.com/pdf/BCT.pdf,,200,False
Bitcoin: A Peer-to-Peer Electronic Cash System,Bitcoin,2008,corpus record,,bitcoin.pdf,https://blockchainlab.com/pdf/bitcoin.pdf,https://blockchainlab.com/research/corpus/papers/bitcoin,200,False
Digital Assets on Public Blockchains — White Paper,Digital Assets on Public Blockchains,,,,bitfury-digital_assets_on_public_blockchains-1.pdf,https://blockchainlab.com/pdf/bitfury-digital_assets_on_public_blockchains-1.pdf,,200,False
TATA — Blockchain for the Internet of Things,TATA,,,,Blockchain for the IoT.pdf,https://blockchainlab.com/pdf/Blockchain%20for%20the%20IoT.pdf,,200,False
Blockchain — In Capital Markets,Blockchain,,,,BlockChain-In-Capital-Markets.pdf,https://blockchainlab.com/pdf/BlockChain-In-Capital-Markets.pdf,,200,False
#MTFLabs:Blockchain — Whitepaper,#MTFLabs:Blockchain,,,,Blockchain-Whitepaper.pdf,https://blockchainlab.com/pdf/Blockchain-Whitepaper.pdf,,200,False
BlockChain Technology — Beyond Bitcoin,BlockChain Technology,,,,BlockchainPaper.pdf,https://blockchainlab.com/pdf/BlockchainPaper.pdf,,200,False
Blockchain’s — Driving the Next Wave of Innovation,Blockchain’s,,,,blockchains-smart-contracts-driving-the-next-wave-of-innovation-across-manufacturing-value-chains-codex2113.pdf,https://blockchainlab.com/pdf/blockchains-smart-contracts-driving-the-next-wave-of-innovation-across-manufacturing-value-chains-codex2113.pdf,,200,False
Blockfreight — The blockchain for global freight.,Blockfreight,,,,BlockfreightWhitepaperFinalDraft.pdf,https://blockchainlab.com/pdf/BlockfreightWhitepaperFinalDraft.pdf,,200,False
ChainDB — A Peer-to-Peer Database System,ChainDB,,,,chaindb.pdf,https://blockchainlab.com/pdf/chaindb.pdf,,200,False
Corda: An Introduction,Corda,2016,corpus record,"Richard Gendal Brown, James Carlyle, Ian Grigg, Mike Hearn",corda-introductory-whitepaper-final.pdf,https://blockchainlab.com/pdf/corda-introductory-whitepaper-final.pdf,https://blockchainlab.com/research/corpus/papers/corda,200,False
Dash: A Privacy-Centric Cryptocurrency,Dash,,,"Duffield, Diaz",Dash-WhitepaperV1.pdf,https://blockchainlab.com/pdf/Dash-WhitepaperV1.pdf,https://blockchainlab.com/research/corpus/papers/dash,200,False
Decent — Whitepaper,Decent,,,,decent-whitepaper.pdf,https://blockchainlab.com/pdf/decent-whitepaper.pdf,,200,False
Dragonfly Fintech — Blockchain Technology A New Paradigm,Dragonfly Fintech,,,,DF_Paper.pdf,https://blockchainlab.com/pdf/DF_Paper.pdf,,200,False
The Digital Asset Platform — Non-technical White Paper,The Digital Asset Platform,,,,Digital Asset Platform - Non-technical White Paper.pdf,https://blockchainlab.com/pdf/Digital%20Asset%20Platform%20-%20Non-technical%20White%20Paper.pdf,,200,False
World Economic Forum — White Paper,World Economic Forum,,,,digital-enterprise-narrative-final-january-2016.pdf,https://blockchainlab.com/pdf/digital-enterprise-narrative-final-january-2016.pdf,,200,False
JPX — Applicability of Distributed Ledger Technology to Capital Market Infrastructure,JPX,,,,E_JPX_working_paper_No15.pdf,https://blockchainlab.com/pdf/E_JPX_working_paper_No15.pdf,,200,False
"ECOMP — (Enhanced Control, Orchestration, Management & Policy) Architecture White Paper",ECOMP,,,,ecomp.pdf,https://blockchainlab.com/pdf/ecomp.pdf,,200,False
Embracing Disruption — Tapping the potential of distributed,Embracing Disruption,,,,embracing disruption white paper_final_jan-16.pdf,https://blockchainlab.com/pdf/embracing%20disruption%20white%20paper_final_jan-16.pdf,,200,False
Proving Ethereum for the Clearing Use Case — Emerald Performance Testing Technical Paper,Proving Ethereum for the Clearing Use Case,,,,emeraldTechnicalPaper.pdf,https://blockchainlab.com/pdf/emeraldTechnicalPaper.pdf,,200,False
Equibit — A Peer-to-Peer Electronic Equity System,Equibit,,,,equibit.pdf,https://blockchainlab.com/pdf/equibit.pdf,,200,False
Ethereum: A Next-Generation Smart Contract and Decentralized Application Platform,Ethereum,2014,corpus record,,Ethereum_white_paper-a_next_generation_smart_contract_and_decentralized_application_platform-vitalik-buterin.pdf,https://blockchainlab.com/pdf/Ethereum_white_paper-a_next_generation_smart_contract_and_decentralized_application_platform-vitalik-buterin.pdf,https://blockchainlab.com/research/corpus/papers/ethereum,200,False
ETLA — White Paper,ETLA,,,,ETLA-Working-Papers-38.pdf,https://blockchainlab.com/pdf/ETLA-Working-Papers-38.pdf,,200,False
Filament Foundations — White Paper,Filament Foundations,,,,Filament Foundations.pdf,https://blockchainlab.com/pdf/Filament%20Foundations.pdf,,200,False
Filecoin: A Cryptocurrency Operated File Storage Network,Filecoin,2014,corpus record,,filecoin.pdf,https://blockchainlab.com/pdf/filecoin.pdf,https://blockchainlab.com/research/corpus/papers/filecoin-2014,200,False
Finra — Distributed Ledger Technology: Implications of Blockchain for the Securities Industry1,Finra,,,,FINRA_Blockchain_Report.pdf,https://blockchainlab.com/pdf/FINRA_Blockchain_Report.pdf,,200,False
Gnosis,Gnosis,,,,gnosis_whitepaper.pdf,https://blockchainlab.com/pdf/gnosis_whitepaper.pdf,https://blockchainlab.com/research/corpus/papers/gnosis,200,False
Heat Ledger — Heuristically Enhanced Asynchronous Transactions,Heat Ledger,,,,HEATWhitepaper.pdf,https://blockchainlab.com/pdf/HEATWhitepaper.pdf,,200,False
Adel — White Paper,Adel,,,,ico-terms.pdf,https://blockchainlab.com/pdf/ico-terms.pdf,,200,False
Blockchain — een uitwerking van nieuw denken,Blockchain,,,,ICTU_Whitepaper_Blockchain.pdf,https://blockchainlab.com/pdf/ICTU_Whitepaper_Blockchain.pdf,,200,False
A Protocol for Interledger Payments,A Protocol for Interledger Payments,2015,corpus record,"Stefan Thomas, Evan Schwartz",interledger.pdf,https://blockchainlab.com/pdf/interledger.pdf,https://blockchainlab.com/research/corpus/papers/interledger,200,False
An Introduction to Bitcoin and Blockchain Technology — Whitepaper,An Introduction to Bitcoin and Blockchain Technology,,,,IntrotoBitcoinandBlockchainTechnology.pdf,https://blockchainlab.com/pdf/IntrotoBitcoinandBlockchainTechnology.pdf,,200,False
"Kadena: The first scalable, high performance private blockchain",Kadena,2016,corpus record,,Kadena-ConsensusWhitePaper-Aug2016.pdf,https://blockchainlab.com/pdf/Kadena-ConsensusWhitePaper-Aug2016.pdf,https://blockchainlab.com/research/corpus/papers/kadena-2016,200,False
Capgemini — Leveraging Blockchain to Transform Insurance Industry,Capgemini,,,,leveraging_blockchain_to_transform_insurance_industry_2017_web.pdf,https://blockchainlab.com/pdf/leveraging_blockchain_to_transform_insurance_industry_2017_web.pdf,,200,False
"MultiChain Blockchain — Dr Gideon Greenspan, Founder and CEO, Coin Sciences Ltd",MultiChain Blockchain,,,,MultiChain-White-Paper.pdf,https://blockchainlab.com/pdf/MultiChain-White-Paper.pdf,,200,False
Blockchain — DECENTRALIZED TRUST,Blockchain,,,,NaPo_Blockchain_webb.pdf,https://blockchainlab.com/pdf/NaPo_Blockchain_webb.pdf,,200,False
Blockchain Technology — Implications and Opportunities For Professional Engineers,Blockchain Technology,,,,NSPE-Whitepaper-Blockchain-Technology-2016-final.pdf,https://blockchainlab.com/pdf/NSPE-Whitepaper-Blockchain-Technology-2016-final.pdf,,200,False
Open-Transactions — Secure Contracts between Untrusted Parties,Open-Transactions,,,,open-transactions.pdf,https://blockchainlab.com/pdf/open-transactions.pdf,,200,False
Blockchain Innovations — With Pegged Sidechains,Blockchain Innovations,,,,Paper.pdf,https://blockchainlab.com/pdf/Paper.pdf,,200,False
Ethereum: A Secure Decentralised Generalised Transaction Ledger (EIP-150 revision),ETHEREUM,2016,corpus record,,paper2.pdf,https://blockchainlab.com/pdf/paper2.pdf,https://blockchainlab.com/research/corpus/papers/ethereum-yellow-paper,200,False
PPCoin: Peer-to-Peer Crypto-Currency with Proof-of-Stake,PPCoin,2012,corpus record,"King, Nadal",peercoin-paper.pdf,https://blockchainlab.com/pdf/peercoin-paper.pdf,https://blockchainlab.com/research/corpus/papers/peercoin,200,False
Permacoin — Repurposing Bitcoin Work for Data Preservation,Permacoin,,,,permacoin.pdf,https://blockchainlab.com/pdf/permacoin.pdf,,200,False
Plutus — White Paper,Plutus,,,,Plutus.it-White-Paper-v1.1.pdf,https://blockchainlab.com/pdf/Plutus.it-White-Paper-v1.1.pdf,,200,False
PWC — Blockchain – an opportunity for energy producers and consumers?,PWC,,,,pwc_blockchain_opportunity_for_energy_producers_and_consumers_en.pdf,https://blockchainlab.com/pdf/pwc_blockchain_opportunity_for_energy_producers_and_consumers_en.pdf,,200,False
Blockchain Technology — Possibilities for the U.S.Postal Service,Blockchain Technology,,,,RARC-WP-16-001.pdf,https://blockchainlab.com/pdf/RARC-WP-16-001.pdf,,200,False
The Ripple Protocol Consensus Algorithm,Ripple Consensus,2014,corpus record,"David Schwartz, Noah Youngs, Arthur Britto",ripple_consensus_whitepaper.pdf,https://blockchainlab.com/pdf/ripple_consensus_whitepaper.pdf,https://blockchainlab.com/research/corpus/papers/ripple-consensus,200,False
Imf staff discussion note — Virtual Currencies and Beyond: Initial Considerations,Imf staff discussion note,,,,sdn1603.pdf,https://blockchainlab.com/pdf/sdn1603.pdf,,200,False
A Securities Law Framework for Blockchain Tokens — White Paper,A Securities Law Framework for Blockchain Tokens,,,,securities-law-framework.pdf,https://blockchainlab.com/pdf/securities-law-framework.pdf,,200,False
Ethereum — A secure decentralised generalised transaction ledger,Ethereum,,,,sidechains.pdf,https://blockchainlab.com/pdf/sidechains.pdf,,200,False
Enabling Blockchain Innovations with Pegged Sidechains,Enabling Blockchain Innovations with Pegged Sidechains,2014,corpus record,,sidechains1.pdf,https://blockchainlab.com/pdf/sidechains1.pdf,https://blockchainlab.com/research/corpus/papers/pegged-sidechains,200,False
The Stellar Consensus Protocol: A Federated Model for Internet-level Consensus,The Stellar Consensus Protoco,2015,corpus record,,stellar-consensus-protocol.pdf,https://blockchainlab.com/pdf/stellar-consensus-protocol.pdf,https://blockchainlab.com/research/corpus/papers/stellar-consensus,200,False
Storj: A Peer-to-Peer Cloud Storage Network,Storj,,,,storj.pdf,https://blockchainlab.com/pdf/storj.pdf,https://blockchainlab.com/research/corpus/papers/storj,200,False
Stratis — Blockchain Solution,Stratis,,,,Stratis_Whitepaper.pdf,https://blockchainlab.com/pdf/Stratis_Whitepaper.pdf,,200,False
SWISSCOIN — Whitepaper,SWISSCOIN,,,,SWISSCOIN-Whitepaper.pdf,https://blockchainlab.com/pdf/SWISSCOIN-Whitepaper.pdf,,200,False
The Tangle,Tangle,,,,tangle.pdf,https://blockchainlab.com/pdf/tangle.pdf,https://blockchainlab.com/research/corpus/papers/iota-tangle,200,False
Tether: Fiat currencies on the Bitcoin blockchain,Tether,,,,Tether-White-Paper.pdf,https://blockchainlab.com/pdf/Tether-White-Paper.pdf,https://blockchainlab.com/research/corpus/papers/tether,200,False
Uport — A platform for self-sovereign identity.,Uport,,,,uPort_whitepaper_DRAFT20161020.pdf,https://blockchainlab.com/pdf/uPort_whitepaper_DRAFT20161020.pdf,,200,False
Blockchain — Opportunities for Health Care,Blockchain,,,,us-blockchain-opportunities-for-health-care.pdf,https://blockchainlab.com/pdf/us-blockchain-opportunities-for-health-care.pdf,,200,False
Veros — White Paper,Veros,,,,white-paper.pdf,https://blockchainlab.com/pdf/white-paper.pdf,,200,False
Creditbit — WHITE PAPER,Creditbit,,,,WHITEPAPER-CREDIT2.0_2FINAL.pdf,https://blockchainlab.com/pdf/WHITEPAPER-CREDIT2.0_2FINAL.pdf,,200,False
Fraunhofer — White Paper,Fraunhofer,,,,whitepaper-industrial-data-space-eng.pdf,https://blockchainlab.com/pdf/whitepaper-industrial-data-space-eng.pdf,,200,False
PAR — Productive Asset Record System,PAR,,,,whitepaper2.pdf,https://blockchainlab.com/pdf/whitepaper2.pdf,,200,False
Sia: Simple Decentralized Storage,Sia,,,"Vorick, Champine",whitepaper3.pdf,https://blockchainlab.com/pdf/whitepaper3.pdf,https://blockchainlab.com/research/corpus/papers/sia,200,False
"Fab City — Locally productive, globally connected self-sufcient cities",Fab City,,,,whitepaper4.pdf,https://blockchainlab.com/pdf/whitepaper4.pdf,,200,False
Teambrella — A Peer­to­Peer Insurance System,Teambrella,,,,WhitePaper5.pdf,https://blockchainlab.com/pdf/WhitePaper5.pdf,,200,False
Taas — Token-as-a-Service,Taas,,,,whitepaper6.pdf,https://blockchainlab.com/pdf/whitepaper6.pdf,,200,False
Chronicled — Open Registry for IoT,Chronicled,,,,whitepaper7.pdf,https://blockchainlab.com/pdf/whitepaper7.pdf,,200,False
DIONS — Whitepaper,DIONS,,,,whitepaper_dions.pdf,https://blockchainlab.com/pdf/whitepaper_dions.pdf,,200,False
D+H — Financial Technologies,D+H,,,,whitepaper_five-things-blockchain-must-get-right.pdf,https://blockchainlab.com/pdf/whitepaper_five-things-blockchain-must-get-right.pdf,,200,False
REVIEW OF CRYPTONOTE — White paper,REVIEW OF CRYPTONOTE,,,,whitepaper_review.pdf,https://blockchainlab.com/pdf/whitepaper_review.pdf,,200,False
WINGS — White Paper,WINGS,,,,WINGS_Whitepaper_V1.1.2_en.pdf,https://blockchainlab.com/pdf/WINGS_Whitepaper_V1.1.2_en.pdf,,200,False
Consensys — White Paper,Consensys,,,,WorldGovernmentSummit-Dubai2017.pdf,https://blockchainlab.com/pdf/WorldGovernmentSummit-Dubai2017.pdf,,200,False
"Æternity blockchain — The trustless, decentralized and purely functional oracle machine",Æternity blockchain,,,,æternity-blockchain-whitepaper.pdf,https://blockchainlab.com/pdf/%C3%A6ternity-blockchain-whitepaper.pdf,,200,False
